{
  "features": [
    "All_Population_Count",
    "Aridity",
    "Day_Land_Surface_Temp",
    "Diurnal_Temperature_Range",
    "Enhanced_Vegetation_Index",
    "Frost_Days",
    "ITN_Coverage",
    "Land_Surface_Temperature",
    "Malaria_Incidence",
    "Maximum_Temperature",
    "Mean_Temperature",
    "Minimum_Temperature",
    "Night_Land_Surface_Temp",
    "PET",
    "Precipitation",
    "Rainfall",
    "U5_Population",
    "UN_Population_Count",
    "UN_Population_Density",
    "Wet_Days",
    "prev_lag1",
    "prev_roll3"
  ],
  "scaler_mean": [
    25985.341546351578,
    31.237310649493153,
    31.48126071708558,
    10.819576889899187,
    0.3191910098457546,
    0.0,
    0.18111397944538501,
    25.972461179901575,
    0.3715173221878055,
    32.79044349939346,
    27.355877123585625,
    21.970659729714118,
    20.463673848244223,
    4.173953931280608,
    112.33382629521206,
    1427.4375954560412,
    3834.769089859215,
    17669.819368404485,
    853.3299353795093,
    8.252972900174015,
    0.34759186792461505,
    0.3585258057691006
  ],
  "scaler_scale": [
    58742.07287218284,
    17.835696346821624,
    3.064824968072178,
    2.158547647709909,
    0.09171736413078004,
    1.0,
    0.17330452807523508,
    1.6068931512229745,
    0.12830620064695458,
    1.5795705075958806,
    0.8703129079264116,
    1.1613997209042564,
    1.1978400395960136,
    1.1500604964808079,
    42.45136696849657,
    660.1113797605569,
    7886.358008814827,
    48959.132878909215,
    2360.725446665048,
    2.8154754536669664,
    0.17458102101762182,
    0.17630698360459734
  ]
}
